river_mile,water_covered_area,bridges,post_office_count,crossing_points
0,0.0,0,0,0
6,0.0,0,0,0
12,0.0,0,0,0
18,0.0,0,0,0
25,0.0,0,0,0
31,0.0,0,0,0
37,0.0,0,0,0
43,0.0,0,0,1
50,0.0,0,0,0
56,0.18213346383025436,0,1,1
62,0.4504030309185893,0,3,0
68,0.2951832132346374,1,7,0
75,0.2585291941653506,0,8,0
81,0.22362704988296722,1,15,0
87,0.1766243361138173,0,8,0
93,0.15280158264963883,1,6,0
100,0.1263778929971857,1,16,0
106,0.11224111114178514,1,21,0
112,0.09168577172649606,0,17,0
118,0.08062509922544431,2,9,0
125,0.08026797120229648,0,5,0
131,0.03767536005694872,3,5,1
137,0.03617506264366024,3,10,1
143,0.03209785056302667,1,10,1
150,0.02652263066867833,2,9,1
156,0.03508283661149215,1,9,0
162,0.031816000815962586,1,9,0
168,0.028537077104066572,1,9,1
175,0.02257392657267099,1,12,0
181,0.02169417382260195,4,7,0
187,0.02321968771392633,0,4,0
193,0.024936017958635245,1,4,0
200,0.026855481462452264,3,12,1
206,0.025321737619354193,0,12,3
212,0.030086441551526098,0,4,2
218,0.024809747133344554,0,8,3
225,0.014454687930915642,0,4,3
231,0.01585936348372363,1,5,1
237,0.02244805810387441,1,4,0
243,0.02573574356633195,1,1,0
250,0.021597777259906,2,5,0
256,0.019439390776004536,1,5,0
262,0.019365072530194587,1,4,0
268,0.018121900502695153,1,6,0
275,0.01707975944509201,0,5,0
281,0.023075780530540494,1,4,0
287,0.020587888803042506,2,5,0
293,0.022763766835001274,0,3,0
300,0.021584177731020227,2,7,0
306,0.021688871306275347,0,4,0
312,0.02371182907220938,0,3,0
