river_mile,river_width
6,8886.217661765675
12,506.0285519183226
18,3991.2562094202503
24,5815.255340414119
31,4525.821035258281
37,4939.849769745112
43,2865.287921767832
49,3198.834560961601
55,3295.052153689462
62,6186.2984342017
68,7870.89278927445
74,1811.9638265841431
80,5204.418940027215
86,16355.984468334285
93,4515.958595371087
99,11709.210505767624
105,1893.0864477832788
111,758.4428189336172
118,451.4003512545997
124,373.85768947950555
130,818.9307248190702
136,15298.678870409676
142,28622.549022119485
149,8787.13893014852
155,6982.571407722582
161,1174.7134400097016
167,396.03757651224953
173,9030.221679296705
180,2244.585768352649
186,13591.402347076173
192,1610.6731704742876
198,1560.3589425467433
205,1056.078145466316
211,2717.453041528352
217,1282.274191818126
223,2747.285174311107
229,2418.7470079082073
236,2511.0571359425558
242,4588.548931492806
248,14000.337630137125
254,3576.2728082933368
260,2506.3390266984597
267,1385.516800220714
273,2315.5203603452246
279,615.9233735455545
285,578.4347351190302
292,827.2219451127
298,421.85275597704856
304,27001.10595457102
310,7684.280105771288
316,7356.623984373402
323,6986.3220880588
329,4610.477035754141
335,12839.379685828928
341,1814.4979170511056
347,8456.466707403375
354,6111.109351539151
360,10298.91084753733
366,12921.882046544113
372,1082.4068468292035
379,1432.3821745109651
385,1039.880391784397
391,390.40435828250054
397,1290.9593748176671
403,8545.453700088336
410,5725.782643768489
416,1962.8551081132216
422,2026.5663029324965
428,6769.882191846141
434,661.8233533998824
441,10720.74535304297
447,3224.003100430427
453,2382.8661477548917
459,1044.1923802150072
466,7556.77032557504
472,567.189336996773
478,1497.0826249617705
484,7446.802636137987
490,641.1670780588032
497,447.1549095752915
503,203.41755761252128
